"","Souche","X1","X2","X3","X4","X6","X7","X14","X16","X19","X21","X24","X25","X26","X27","X29","X30","X31","X32","X34","X35","X38","X41","X43","X51","X52","X53","X54","X55","X56","X58","X61","X62","X63","X68","X70","X72","X73","X74","X77","X78","X79","X81","X82","X83","X84","X85","X86","X87","X89","X90","X102","X108","X110","X118","X122","X123","X127","X128","X137","X143","X164","X169","X170","X171","X172","X173"
"1","Bp",0,0,0,0,65235,418,0,0,0,0,0,0,0,0,0,0,0,0,65235,31596.5,0,0,0,0,224,0,0,0,0,0,0,0,0,0,0,0,780,0,0,0,0,24461,0,0,0,2735,0,0,0,0,0,39766,0,0,0,0,2955,0,0,0,0,0,0,0,0,0
"2","Bp",0,0,0,0,58830,685,0,0,0,0,0,0,0,0,0,0,0,0,48883,21948,0,0,0,0,220,0,0,0,0,0,0,0,0,0,0,0,406,0,0,0,0,20041,0,0,0,1699,0,0,0,0,0,27060.5,0,0,0,0,2044,0,0,0,0,0,0,0,0,0
"3","Bp",0,0,0,0,13632,571,0,0,0,0,0,0,0,0,0,0,0,0,15624,7511,0,0,0,0,294,0,0,0,0,0,0,0,0,0,0,0,97,0,0,0,0,7751.5,0,0,0,493,0,0,0,0,0,9100,0,0,0,0,583.5,0,0,0,0,0,0,0,0,0
"4","Bp",0,0,0,0,41056,2562,86,0,0,0,0,0,0,0,0,0,0,1570,33156,13744,0,0,0,0,196,0,0,0,0,0,0,0,183,0,0,0,4439,0,0,0,95,25798,312,0,1098,1561.5,283.5,0,0,479.5,0,45594,0,0,0,0,6936,0,0,0,0,4785.5,86,0,0,0
"5","Bp",0,0,0,0,65235,1225,215,0,0,0,0,0,0,0,0,0,0,759.5,60311,27520.5,0,0,0,0,0,0,0,0,0,0,0,0,0,0,0,0,0,0,0,0,0,32599,0,0,0,2185.5,0,0,0,0,0,2381,0,0,0,0,5279,0,0,0,0,1836,0,0,0,0
"6","Bp",0,0,0,0,26935,1466,0,0,0,0,0,0,0,0,0,0,0,717,22992.5,9583,0,0,0,0,91,0,0,0,0,0,0,0,3,0,0,0,2964.5,0,0,0,0,17170,115,0,767,977.5,90,0,0,280.5,0,28625,0,0,0,0,3273.5,0,0,0,0,2882,0,0,0,0
"7","Bp",0,0,0,0,11435,1350,0,0,0,0,0,0,0,0,0,0,0,669,12781.5,5231,0,0,0,0,120,0,0,0,0,0,0,0,207,0,0,0,2912,0,0,0,0,16272,262,0,782.5,943,101,0,0,300.5,0,24016,0,0,0,0,3839.5,0,0,0,0,3219,0,0,0,0
"8","Bp",0,0,0,0,53786,718.5,0,0,0,0,0,0,0,0,0,0,0,496,57349,23605,0,0,0,0,142,0,0,0,0,0,0,0,0,0,0,0,2419.5,0,0,0,0,23596.5,0,0,306.5,2260,0,0,0,94,0,33034.5,0,0,0,0,5267,0,0,0,0,1368,5.5,0,0,0
"9","Bp",0,0,0,0,12577.5,920,0,0,0,0,0,0,0,0,0,0,0,421,16412,8326.5,0,0,0,0,110,0,0,0,0,0,0,0,473.5,0,0,0,3341.5,0,0,0,107.5,21420.5,449.5,0,1227,1132,208,0,0,587.5,0,30713,0,0,51.5,0,4085.5,0,0,0,0,4505,180.5,0,0,0
"10","Bp",0,0,0,0,25126.5,499.5,0,0,0,0,0,0,0,0,0,0,0,0,21750,9900,0,0,0,0,81,0,0,0,0,0,0,0,0,0,0,0,2999,0,0,0,0,17452,0,0,0,1603,10046,0,2,4534.5,0,24401,0,0,2,0,5646,0,0,0,0,0,0,0,0,0
"11","Bp",0,0,0,0,37119,822,0,0,0,0,0,0,0,0,0,0,0,0,24981.5,11539.5,0,0,0,0,380,0,0,0,0,0,0,0,0,0,0,0,1644,0,0,0,0,14543.5,0,0,0,1069,2180,0,0,592,0,24081.5,0,0,76,0,2969,0,0,0,0,0,0,0,0,0
"12","Hi",0,0,0,0,0,0,0,627,0,0,0,0,0,0,0,0,0,0,0,0,0,599,0,0,291.5,0,0,0,0,0,0,0,0,0,768.5,0,2406.5,208,0,0,1646,8551.5,9204,573,8382.5,0,196,0,496,12382.5,307,6216,982,0,0,0,5097.5,0,0,0,0,0,84,1078,1073,721
"13","Hi",0,0,0,0,0,0,0,787,0,0,0,0,0,0,0,0,0,0,0,0,0,416.5,0,7,398,0,0,0,0,0,0,0,0,0,764,0,2528,86,0,0,1201,10355.5,10531.5,517,7011,2044,105.5,0,298,11328,391,6764,589,0,0,0,4714.5,0,0,0,0,0,0,1020,638,673
"14","Hi",0,0,0,0,0,0,94,395,0,0,0,0,0,0,0,0,0,0,0,0,0,0,0,187,600,0,0,0,0,0,0,0,0,0,291,0,308,0,0,0,0,2303.5,1980,0,1190,94,0,0,0,1211,0,1692,0,0,0,0,1456,0,0,0,0,0,0,512.5,707,595
"15","Hi",0,0,0,0,0,0,0,1514,0,0,0,0,0,0,0,0,0,0,0,0,0,289,0,106,293.5,0,0,0,0,0,0,0,302,0,1167.5,0,3428,665.5,0,15671,20976.5,26381,43396,3172,17013,6010,14713,159,328,36426.5,0,14225,0,0,1002,0,16120.5,0,0,0,0,0,0,1710,1195,1410
"16","Hi",0,0,0,0,0,0,0,763,0,0,0,0,0,0,0,0,0,0,106,0,0,386,0,0,112,0,0,0,0,0,0,0,499.5,0,1215,0,4923,595,0,14556,18911,22860,39741,4806,24404,4455,19828,98.5,118.5,46435.5,0,17684.5,0,0,1654.5,0,13514,0,0,0,0,0,0,925.5,311,639.5
"17","Hi",0,0,0,0,0,0,183,905,0,0,0,0,0,0,0,0,0,0,0,0,0,97,0,402,590.5,0,0,0,0,0,0,0,409,0,0,0,894,282,0,0,683.5,4883.5,5192,109,3050,510,0,0,275.5,2841.5,0,996.5,0,0,1424,0,3542,0,0,0,0,0,0,1284,1176,1207
"18","Hi",0,0,0,0,0,5.5,108,801.5,0,0,0,0,0,0,0,0,0,0,0,0,0,2,0,298,479.5,0,0,0,0,0,0,0,399,0,0,0,1266,99.5,0,0,603,5417,4216,96,2651,399.5,0,0,94,2803.5,0,956.5,0,0,1290,0,3325,0,0,0,0,0,0,940,803,1006
"19","Hi",0,0,0,0,202,0,0,6,0,0,0,0,0,0,0,0,0,89,0,200,0,0,0,0,0,0,0,0,0,0,0,0,0,0,0,0,4232,0,0,0,1067,38654.5,4414,192,7052.5,1223,2467,0,0,4642,0,46118.5,0,0,332,0,9280,0,0,0,0,1293,264.5,0,0,2
"20","Hi",0,0,2429,0,700,0,0,2501,1.5,0,0,0,0,0,0,0,0,0,9.5,2663,1224,608,0,286,1396,0,868,0,0,0,811,0,2685,2233,2937,508.5,15663.5,1807.5,0,8482,17113,43849,61899,3847,32163,10420,1662,989.5,5653,40546,0,43557.5,180.5,0,1899,4148,26464,0,277,0,0,309,2544,2815.5,3100.5,2393.5
"21","Hi",0,0,0,0,0,0,0,697,0,0,0,0,0,0,0,0,0,0,0,0,0,0,0,0,0,0,0,0,0,0,0,0,91,0,479.5,0,1587,206,0,6333,10147.5,11775,22007,1927.5,10781,2033,7366,0,0,20858,0,7648,0,0,751,0,8558,0,0,0,0,0,0,803,407,564
"22","Hi",0,0,0,0,15789,0,0,320,0,0,0,0,0,199,103,0,0,1891.5,101,2797,0,195,0,0,364,0,0,0,0,0,0,0,1880,0,1071,0,8267,177.5,0,3849,5103.5,45370,18922.5,1238,9843.5,4300,1003,101.5,2,10905.5,0,51024,0,0,1178,0,16295,0,99.5,0,501,1126,1263,388,190,296.5
"23","Hi",0,0,0,0,8796,0,0,739.5,0,0,0,0,0,2,0,0,270,1991,0,847.5,0,0,0,0,717,0,0,0,0,0,0,0,1426,0,946.5,0,9744,305,0,2294,3864.5,51057,22641.5,1271,13088,3801,1056,81,258,17286.5,0,48406,0,0,516.5,0,18387,0,0,0,103,1702,287,883,585,801.5
"24","Hi",0,0,0,0,14862.5,0,203,289,0,0,0,0,0,299,96,0,97.5,2446.5,0,2166,0,0,0,0,494.5,0,0,0,0,0,0,0,3392,0,348,0,10137.5,0,0,557,2087,47169,11028,0,4845,1584,1112.5,0,0,3252.5,0,34872,0,0,0,0,17968,0,0,0,1285.5,6774.5,0,290,0,519
"25","Hi",0,0,0,7,13,0,0,1420,0,0,0,0,0,0,0,0,0,1581,0,0,0,301,0,71,405,0,0,0,0,0,0,0,0,0,1701,0,7270,891.5,0,386,6648,30632,43733,2824,27395.5,5795,1468,1018,2106.5,38223,0,25594,0,0,0,98,20113,0,0,0,0,0,0,1587,1145.5,1191
"26","Hi",0,0,0,0,0,0,9,598,0,0,0,0,0,0,0,0,97,502,0,0,0,0,0,29,1039.5,0,0,0,0,0,0,0,89,0,295,0,3388,383,0,0,278,11070.5,7799,73.5,3140,693.5,0,0,0,4718,0,15662,8,0,1224,0,6796,0,0,0,0,384,0,946,995,975
"27","Hi",0,0,0,0,106,0,0,3441,0,0,0,0,0,0,0,0,0,0,0,0,0,378,0,184,1087.5,0,71.5,0,0,0,0,0,0,0,817,0,9294,1128,0,382,9051,37452.5,43772,1985.5,27458,8529.5,1200,290,2156.5,51159,0,22405,0,0,77,0,20181,0,0,0,0,249.5,0,2821,0,4554.5
"28","Hi",0,0,0,0,508,0,0,614,0,0,0,0,0,0,0,0,0,2773,0,164,0,0,0,0,378,0,0,0,0,0,0,0,82,0,404,0,7204,185,0,374,1560,32166,12570.5,429,6282,2167,1671,0,81.5,8234.5,0,35754,0,0,925.5,0,12088,0,0,0,0,3948,0,690,196,514
"29","Hi",0,0,287,0,0,0,222,199.5,0,0,0,0,0,0,0,0,0,0,5,0,0,0,0,0,893,0,51.5,0,0,0,0,0,0,298.5,194,0,1132.5,0,0,0,805,2129,3047,0,292,0,0,180,837,1185,0,3134.5,0,0,152.5,178,1789,0,0,0,0,0,0,207,306,362.5
"30","Hi",0,0,0,0,105.5,0,0,2495,0,0,0,0,0,0,0,0,0,0,0,0,0,457,0,0,500,0,0,0,0,0,0,0,745,0,1678,0,7783,1005.5,0,181,6234,32439,42121,1721,25264,6957.5,992,419,1605,43928,0,20745,0,0,1948.5,0,23570.5,0,0,0,0,0,0,2377,1389,2454
"31","Hi",0,0,0,0,0,0,0,2024.5,0,0,0,0,0,0,0,0,0,0,0,0,0,195,0,105.5,496,0,0,195,0,0,0,1386,492,0,1422,0,8455,113,0,26702,29095.5,27262,46022,203,18826.5,6084,13365,99,173,23196,0,11531.5,0,0,2916.5,0,8820,0,0,0,0,0,0,2644,310.5,1419.5
"32","Hi",0,0,183,0,85,0,0,3660,0,0,0,0,0,0,0,0,0,284.5,0,111,0,1867,0,512,997,0,0,408,0,0,0,1553,0,0,2537,0,11396,648,0,36149,39673,45832.5,54472,1238,31923,8013,21920,809.5,1226,45036,0,24957.5,0,11,3477,0,28510.5,0,0,0,0,0,0,4509.5,4372,4755
"33","Hi",0,0,0,0,1503,0,0,1091.5,0,0,0,0,0,0,0,0,0,0,0,0,0,4,0,0,455,0,0,98,0,0,2,0,210,0,470,0,3469,0,0,10940,12485,15832.5,20409.5,0,6575,3028,4827.5,0,0,11767,0,8303.5,0,0,1000.5,0,10470,0,0,0,0,0,0,1356.5,1121,1002.5
"34","Kpn",0,0,4815,2366,0,0,0,0,302,0,0,0,0,0,0,0,9,0,66,0,0,0,0,411.5,683,0,846,0,215,197,924.5,2153.5,2817,5175,6440,4133,2798,397,6097,12568,17544.5,21241,23966,17240,15847,3045,42095,21445,53444.5,33720,0,10097,762,0,925.5,5285.5,12042.5,0,97,0,0,0,0,0,0,0
"35","Kpn",0,0,4568,2620,0,0,0,0,612,0,0,0,0,0,0,0,0,0,0,0,0,0,0,299.5,475,0,387,105,621,314,827.5,2510.5,3219,4596,8253.5,4817,5832,1354,7950,11358,17353,23051,27084,14050,15737.5,3457.5,41663,19395.5,49169,30572,0,9071.5,605,0,570,5158.5,10610.5,0,87.5,0,0,0,75,0,0,0
"36","Kpn",0,0,4128,2179,0,0,0,0,357,0,0,0,0,0,0,0,0,0,0,0,0,0,0,324,393,7.5,405,0,362,255,792,2146.5,2883,3785,6961.5,4143,5741.5,1296.5,6391,7615,16909.5,18898.5,24047,12910,11023,2909.5,36919,17365,43631,27106,0,7605,529,0,505,4560.5,9231,0,85,0,0,0,9,0,0,0
"37","Kpn",0,0,1708.5,309.5,0,0,0,0,0,0,0,0,0,0,0,0,0,0,0,0,0,0,0,0,185.5,0,92,0,0,0,166,903.5,1252,2195.5,1540.5,1675.5,1727,1278,2219,2615,12609.5,10733.5,12784.5,7166,3893.5,317,26194,5319,15036.5,13195,0,4026.5,0,0,0,683,6903,0,0,0,0,0,0,0,0,0
"38","Kpn",0,0,6289,3371,0,0,0,0,256,0,0,0,0,0,0,0,0,0,0,0,0,0,0,225.5,296.5,0,309,0,375,272,982.5,2767,3526,6674,11823,7951.5,10385,1857,10494.5,2613,33644.5,36568,38858,24512,20499,4710.5,65235,28033,65235,49407,0,12548.5,686,86.5,644,5916,15306,0,205,0,0,0,175,0,0,0
"39","Kpn",0,0,4286,2674,0,0,0,0,211,0,0,0,0,0,0,0,0,0,0,0,0,0,0,190,208,0,294.5,0,206.5,171.5,675,2232,2627,3885.5,8749,4560,5150,1426.5,8541,1972,18700,21668,27539,15683.5,13330,3576,38716,20511,55744.5,31249,0,8884,584,6,547,5263.5,9425.5,0,99.5,0,0,0,115,0,0,0
"40","Kpn",798,0,1689,758,508,0,0,0,0,0,0,0,0,0,0,0,0,0,0,0,0,0,0,0,0,0,6.5,0,671,389,119.5,539,1020.5,1489,3517,1517,7319,306,3545,1907,8217,65235,12990,3883,6879.5,3721.5,17508,8316,17400,7636,0,65235,51,0,688.5,1325,15478,0,0,394,0,468,0,0,0,0
"41","Kpn",0,0,5723,2757,0,0,0,0,287,0,0,0,0,0,0,0,0,0,0,0,0,0,0,188,468,71,405,37.5,500,336,821.5,2546,3282,5377,8242.5,5013,7183,2064,8637,1816.5,25497,28259,31290,19414,16712,3788,54386.5,21201.5,60040,34492,0,8697,485,0,523,5089.5,12896,0,0,0,0,0,20,0,0,0
"42","Kpn",0,0,12,0,0,0,0,0,0,0,0,0,0,0,0,0,0,0,0,0,0,0,0,0,0,0,0,0,0,0,0,0,0,2,206,77,103.5,0,154,375,929,1099,1158,586,381.5,0,2059,784.5,1890,1505,0,200,0,0,0,87.5,397,0,0,0,0,0,0,0,0,0
"43","Kpn",0,0,363.5,205,0,0,0,0,0,0,0,0,0,0,0,0,0,0,0,0,0,0,0,0,0,0,0,0,0,0,0,102,194,362,860,396,588.5,0,730,104.5,2606,2270,3519,1846,1850.5,312,4590,2589,7451,3926,0,944,0,0,0,583,1064,0,0,0,0,0,0,0,0,0
"44","Kpn",375,9,1383.5,412,1841,0,162,0,563,0,0,0,0,0,0,0,98,0,0,0,0,0,106,85,1127,189.5,406,678,623,0,46,1474,3551,1957,2524,956,1627,0,3580,4224,6258.5,10195,5599,3121,1796,1200,6689.5,2999,6477,3910,0,7304,0,0,295,0,1569,0,0,0,0,0,0,0,0,0
"45","Kpn",342,0,2379,6400.5,0,0,0,0,1185.5,0,0,0,0,0,0,0,12,0,0,0,0,0,0,994.5,1581,1340,622,197,3168,582,247.5,8247,2093.5,13766,17506,3345.5,4399.5,286,4440,11177.5,43524,15512,17636,11529,6208.5,9226,38877.5,9798.5,65235,44910,0,3384,0,186.5,957,0,3007.5,0,199,0,0,0,0,0,0,0
"46","Kpn",0,0,3866,2278,0,0,0,0,422,0,0,0,0,0,0,0,0,0,0,0,0,0,0,192,782,394.5,502,408,932,724,892.5,2827,3172,5169,8561,4043,4188,120,17094.5,13585,28000,20028,24242.5,16528,7146,4404,41095,20213.5,48442,19450,0,3739,0,0,1142.5,0,7878,0,0,0,0,0,0,0,0,0
"47","Kpn",0,0,2424,1323,0,0,0,0,184.5,0,0,0,0,0,0,0,0,0,0,0,0,0,0,0,381.5,133,199,122,456.5,302,497.5,1706,1876.5,3110,5321.5,2253,2499.5,0,9891,8080,15167,11837.5,15394,9269,4045,2675,22722,11295.5,25327.5,11859.5,0,2354,0,0,643,0,4785,0,0,0,0,0,0,0,0,0
"48","Lpn",0,0,0,0,300,0,0,0,536,0,0,0,0,0,0,0,0,0,0,388,0,0,0,0,0,0,0,0,0,0,0,0,0,0,0,0,674,13,0,0,301,1581.5,11343,0,0,2116,300,0,1371.5,36687,0,18965.5,0,0,0,0,14725,0,0,0,0,34560,4687,0,0,0
"49","Lpn",0,0,0,0,210,0,0,0,938,0,0,0,0,0,0,0,0,0,1.5,105.5,0,0,0,0,0,0,0,0,0,0,0,0,0,0,0,0,818,86,0,0,674.5,2270.5,19260.5,0,0,2648,599,0,1145.5,43809,0,33532.5,0,0,0,0,18953,0,0,0,0,56672,6234,0,0,0
"50","Lpn",0,0,0,0,74,0,0,0,1305.5,0,0,0,0,0,0,0,0,0,0,9,0,0,0,0,85,0,0,0,0,0,0,0,0,0,0,0,1257,173,0,0,563,2995.5,24007,0,0,3162.5,372,0,735.5,53382,0,5609,0,0,4.5,0,794.5,0,0,0,0,65235,10183,0,0,0
"51","Lpn",0,0,0,0,203.5,0,0,0,688,0,0,0,0,0,0,0,0,0,0,210,0,0,0,0,0,0,0,0,0,0,0,0,0,0,0,0,1328.5,217.5,0,0,908,3322,26185,0,0,3625,709,0,1184,57287,0,34112,0,0,73,0,24380,0,0,0,0,65235,10355,0,0,0
"52","Lpn",0,0,0,0,0,0,0,0,214.5,0,0,0,0,0,0,0,0,0,0,0,0,0,0,0,0,0,0,0,0,0,0,0,0,0,0,0,479,0,0,0,100,1136,11075.5,0,0,804,73.5,0,291,22799.5,0,20016,0,0,0,0,12435,0,0,0,0,17372,3722,0,0,0
"53","Lpn",0,0,0,0,291,0,0,0,691,0,0,0,0,0,0,0,0,0,0,387,0,0,0,0,0,0,0,0,0,0,0,0,0,0,0,0,922,11,0,0,877,2716.5,18705,0,0,2245,510.5,0,1952,42547.5,0,27800,0,0,1,0,16747,0,0,0,0,41785,5904.5,0,0,0
"54","Lpn",0,0,0,0,3007.5,0,0,0,1450.5,0,0,0,0,0,0,0,0,1801.5,0,197,0,0,0,0,376.5,0,0,0,0,0,0,0,97.5,0,0,0,4829.5,114,0,0,206.5,18297,12359.5,0,490.5,2080,580,0,503.5,29813,0,50110,0,0,12,0,15019,0,0,0,0,45427,5029.5,0,0,0
"55","Lpn",0,0,0,0,453,0,0,0,0,0,0,0,0,0,0,0,0,290.5,0,0,0,0,0,0,0,0,0,0,0,0,0,0,0,0,0,0,783.5,0,0,0,0,3989,2713,0,0,245,0,0,0,6326,0,8065,0,0,0,0,3460,0,0,0,0,7156.5,819,0,0,0
"56","Lpn",0,0,0,0,114.5,0,0,0,1411,0,0,0,0,0,0,0,0,0,0,0,0,0,0,34668.5,198,0,0,0,0,4,4,0,0,0,0,0,1125.5,0,0,0,0,2575,13784,0,0,2450.5,3764.5,0,618,37966,0,19162,0,0,49,0,17201,0,0,0,0,52663,7394.5,0,0,0
"57","Lpn",0,0,0,0,0,0,0,0,1099,0,0,0,0,0,0,0,0,0,0,0,0,0,0,36771.5,187,0,0,0,0,2,0,0,0,0,0,0,1349,0,0,0,0,2756.5,16342,0,0,3449,4170,0,457,40600,0,24800,0,0,80,0,21676,0,0,0,0,52194,7121,0,0,0
"58","Lpn",0,0,0,0,0,0,0,0,919,0,0,0,0,0,0,0,0,0,0,0,0,0,0,32916,195,0,0,0,0,0,0,0,0,0,0,0,980.5,0,0,0,41.5,2368,16280,0,0,3160,3438,0,387,34575,0,13700.5,0,0,0,0,8509.5,0,0,0,0,48816,6739,0,0,0
"59","Lpn",0,0,0,0,3,0,0,0,1085,0,0,0,0,0,0,0,0,0,0,0,0,0,0,32368,203,0,0,0,0,0,1,0,0,0,0,0,1123,0,0,0,0,2278,12737.5,0,0,1953,3835,0,418,32410,0,14833,0,0,18,0,9686.5,0,0,0,0,46730.5,7266,0,0,0
"60","Lpn",0,0,0,0,101,0,0,0,1389.5,0,0,0,0,0,0,0,0,0,0,209,0,0,0,41546.5,194.5,0,0,0,0,73,183,0,0,0,0,0,1304,211,0,0,92,4414,22696,0,0,4099,5549.5,0,915,45536.5,0,38768,0,0,94,0,29247,0,0,0,0,61760.5,8168,0,0,0
"61","Lpn",0,0,0,0,0,0,0,0,269,0,0,0,0,0,0,0,0,0,0,2,0,0,0,14761,120,0,0,0,0,0,0,0,0,0,0,0,2903,0,0,0,0,14375.5,9191,0,268,1954,2899,0,312,15315,0,27700,0,0,0,0,15188,0,0,0,0,24759.5,2546.5,0,0,0
"62","Lpn",0,0,0,0,0,0,0,0,713,0,0,0,0,0,0,0,0,0,0,0,0,0,0,21216,395,0,0,0,0,0,0,0,0,0,0,0,4048,0,0,0,0,15704,11733.5,0,0,2555,2676,0,185,20863.5,0,21342,0,0,0,0,4634,0,0,0,0,35233,4484,0,0,0
"63","Lpn",0,0,0,0,0,0,0,0,492,0,0,0,0,0,0,0,0,0,0,0,0,0,0,9303,289,0,0,0,0,0,0,0,0,0,0,0,2206,0,0,0,0,8777.5,5930.5,0,99,1256,1212,0,0,9064,0,18843.5,0,0,0,0,7587,0,0,0,0,15542.5,2190,0,0,0
"64","Lpn",0,0,0,0,301,0,0,0,2303,0,0,0,0,0,0,0,0,0,0,101,0,0,0,44210,477,0,0,0,0,170,219,0,0,0,0,0,1803,100,0,0,81,3861.5,20200,0,0,3714,6298,0,1062,47592.5,0,26847,0,0,200,0,24132,0,0,0,0,60605,10791,0,0,0
"65","Lpn",0,0,0,0,90,0,0,0,1636,0,0,0,0,0,0,0,0,0,0,4,1,0,0,41643,292,0,0,0,0,91,8,0,0,0,0,0,1762,0,0,0,65.5,3494,21377,0,0,4941,6049,0,717,44375.5,0,30150.5,0,0.5,188,0,25442,0,0,0,0,54027,9172.5,0,0,0
"66","Lpn",0,0,0,0,102.5,0,0,0,1267,0,0,0,0,0,0,0,0,0,0,0,0,0,0,36889.5,285.5,0,0,0,0,0,0,0,0,0,0,0,1276,0,0,0,195,3042,20026,0,0,4264,4408.5,0,590,37665,0,16674.5,0,12,94,0,11112.5,0,0,0,0,51328,8345,0,0,0
"67","Lpn",0,0,0,0,95,0,0,0,1346,0,0,0,0,0,0,0,0,0,0,10,0,0,0,35480,385.5,0,0,0,0,0,3.5,0,0,0,0,0,1408,4,0,0,22,2707,16487,0,0,2571.5,4935,0,591.5,35900.5,0,18132,0,0,161.5,0,11663,0,0,0,0,47606,8613,0,0,0
"68","Lpn",0,0,0,0,185,0,0,0,1982.5,0,0,0,0,0,0,0,0,0,0,376,6.5,0,0,46742,385,0,0,8,0,96,292,0,0,0,2,0,1999,396.5,0,0,294,6195.5,28061,0,0,5519.5,7926,95,1385.5,50179,0,44040,0,0,265.5,0,34186.5,0,0,0,0,63624,10902.5,0,0,0
"69","Lpn",0,0,0,0,109,0,0,0,404,0,0,0,0,0,0,0,0,0,0,100,0,0,0,18138,187.5,0,0,0,0,0,0,0,0,0,0,0,3675.5,86,0,0,0,18738,11629,0,406,2702,4096,0,500,19222.5,0,33360.5,0,0,7,0,18905,0,0,0,0,30304,3327,0,0,0
"70","Lpn",0,0,0,0,0,0,0,0,974.5,0,0,0,0,0,0,0,0,0,0,0,0,0,0,23944.5,611,0,0,0,0,0,0,0,0,0,0,0,4995,0,0,0,0,18832,14439,0,0,3338.5,3789,0,276.5,24069,0,23143,0,0,92,0,5856,0,0,0,0,37576,5671,0,0,0
"71","Lpn",0,0,0,0,0,0,0,0,682,0,0,0,0,0,0,0,0,0,0,0,0,0,0,11102,473,0,0,0,0,89,0,0,0,0,0,0,2702,0,0,0,0,10872,7640.5,0,199,1575,1719.5,0,0,11536,0,22499,0,0,0,0,9475,0,0,0,0,18424,2790,0,0,0
"72","Mca",0,0,0,0,0,0,0,0,0,401,0,0,0,0,0,0,0,0,0,0,0,0,0,0,289,0,494.5,0,0,0,286,0,0,0,7,0,5616,929,0,0,0,10416.5,0,0,1180.5,274,23609.5,0,0,17835,0,11244,0,862,1056,2509,7987,3717,0,0,0,0,0,0,0,0
"73","Mca",0,0,0,0,514,0,0,0,0,2158.5,0,0,0,0,0,0,0,5478,0,390,0,0,0,0,402,0,1238.5,0,0,0,1688.5,1677,0,0,380,0,31153.5,9476,193,0,339.5,52654,0,0,3488,1833,65235,80.5,791,65235,0,53919,0,905.5,3660,1806,44618,10360.5,0,0,102,91,0,0,0,0
"74","Mca",0,0,0,0,0,0,0,0,0,421,0,0,0,0,0,0,0,0,0,0,0,0,0,0,280,0,490.5,0,0,0,389.5,0,0,0,2,0,5759.5,971.5,0,0,0,11118,0,0,1082.5,308.5,27633,0,0,16736,0,15467,0,756,1044,1626,5630,3590,0,0,0,0,0,0,0,0
"75","Mca",0,0,0,0,0,0,0,0,0,105,0,0,0,0,0,0,0,0,0,0,0,0,0,0,197,0,816,0,0,0,589,0,0,0,0,0,3444,912.5,0,0,0,3834.5,0,0,0,0,15949,0,0,6502,0,2026,0,269.5,478,0,6001,20,0,0,0,112,0,0,0,0
"76","Mca",0,0,0,0,268,0,0,0,0,1322,0,0,0,0,0,0,0,3388,0,184,0,0,0,0,184,0,686,0,0,0,1078,975.5,0,0,115,0,21829.5,6058,89,0,99,41392,0,0,2089,1108,65235,0,407.5,57312,0,43974,0,524.5,1831,944.5,33353.5,6438,0,0,0,0,0,0,0,0
"77","Mca",0,0,0,0,0,0,0,0,0,1,0,0,0,0,0,0,0,0,0,0,0,0,0,0,0,0,6,0,0,0,0,0,0,0,0,0,1718,85.5,0,0,0,3962,0,0,301,1,8246,0,0,5121,0,4358.5,0,302.5,112.5,482,2537,1283,0,0,0,0,0,0,0,0
"78","Mca",0,0,0,0,0,0,0,0,0,0,0,0,0,0,0,0,0,0,0,0,0,0,0,0,186.5,0,273,0,0,0,23,0,0,0,0,0,1088,0,0,0,0,1540,0,0,0,0,3407,0,0,1689,0,2977,0,287.5,273,194.5,1652,561,0,0,0,0,0,0,0,0
"79","Mca",0,0,0,0,4824,0,0,0,0,402,0,0,0,0,0,0,0,345.5,0,12142,1297.5,0,0,0,651.5,0,620,0,0,0,683,150,2217,0,0,0,11920,498,0,2696,809.5,21317,1652,2895.5,3,1769,11573,0,0,8248.5,0,6047,0,411.5,1116,0,15588,0,0,300,569,1289.5,599,0,0,0
"80","Mca",0,0,0,0,1188.5,0,0,0,0,1403,0,0,0,0,0,0,0,1595.5,0,82,0,0,0,0,115,0,114,0,0,0,112,0,110,0,303,0,10996.5,1301.5,0,429,834.5,27256,3204,91.5,3030,1394,44398,0,0,29889,0,40485.5,0,843,1891.5,1670.5,13141.5,4752.5,82,0,0,605.5,0,0,0,0
"81","Mca",0,0,0,0,3598.5,0,0,0,0,429,0,0,0,0,0,0,0,100.5,2,385,0,0,0,0,199,0,295,0,0,0,0,0,271,0,303,0,2949,315,0,176,1415,12518,2264,0,620.5,963,20264,0,0,15839,0,22119.5,0,801,1151.5,781,6942.5,3034,0,0,11,88,0,0,0,0
"82","Mca",0,0,0,0,2494.5,0,101,0,0,598,0,0,0,0,0,0,0,172,0,413,0,0,0,0,88,0,291.5,0,0,0,0,136,449.5,0,2,0,8358,207.5,0,627,1846,20116,6130,1057,377,3184,28414.5,0,0,12290,0,17344,0,749,1338,0,7949,1077,0,0,283.5,3549,202,0,0,0
"83","Mca",0,0,0,0,1765,0,0,0,0,296,0,0,0,0,0,0,0,102.5,0,156,0,0,0,0,10,0,108,0,0,0,0,93,286,0,0,0,5608,15,0,342,1155.5,14370,4210.5,629,199,2138,20908,0,0,8777,0,12547,0,392,888,0,5300,600.5,0,0,111,2414,0,0,0,0
"84","Mca",0,0,0,0,0,0,0,72.5,0,729,0,0,0,0,0,0,0,3123.5,0,0,0,0,0,0,470,0,794,0,0,0,824,371,0,0,98,0,14507,1826,0,257,562.5,28502,3148.5,0,1186,605,50869.5,0,202,29721,0,26016,0,968,1651,306,21379,3310,0,0,0,487.5,0,91,195,195.5
"85","Mca",0,0,0,0,0,0,0,0,0,457,0,0,0,0,0,0,0,2084,0,0,0,0,0,0,215,0,445,0,0,0,502,197,0,0,1,0,10353,1168,0,92,383.5,21048.5,2114,0,680,309,43636,0,79.5,22771,0,19912,0,589,1053,105,15351,2428,0,0,0,206,0,0,94,0
"86","Mca",0,0,0,0,0,0,565.5,0,0,651,0,0,0,0,0,0,0,0,0,0,0,0,0,0,992,287.5,923,0,0,0,475,0,0,0,0,0,1069,203,0,0,0,1829,0,0,0,0,2175,0,0,770,0,2373,0,240,265,0,1710,126,0,0,0,0,0,0,0,0
"87","Mca",0,0,0,0,0,0,477,0,0,537,0,0,0,0,0,0,0,0,0,0,0,0,0,0,1308,200,1121,0,0,0,732,0,358,0,0,0,1387,359,0,1,0,1929,0,394,0,0,1978,0,0,813,0,2066,0,128,305,0,973,116.5,0,0,0,0,42,0,0,0
"88","Mca",0,0,0,0,0,0,198,0,0,1130,0,0,0,0,0,0,0,0,0,0,0,0,0,0,0,0,1077,0,0,0,195,0,0,0,0,0,911,0,0,0,0,2425,0,0,0,0,1092,0,0,729,0,326,0,367,489,0,3356,0,0,0,0,0,0,0,0,0
"89","Mca",0,0,0,0,0,0,405,0,0,1135,0,0,0,0,0,0,0,0,0,0,0,0,0,0,386,0,677,0,0,0,290,0,0,0,0,0,1041,280,0,0,0,1727,0,0,0,0,4305.5,0,0,2652,0,1442.5,0,397,526.5,0,1628,338,0,0,0,0,0,0,0,0
"90","Mca",0,0,0,0,0,0,7.5,0,0,1157,0,0,0,0,0,0,0,0,0,0,0,0,0,0,0,0,1120,0,0,0,650.5,0,0,0,0,0,982.5,388,0,0,0,2527.5,0,0,0,0,801.5,0,0,182,0,212,0,396.5,574,0,2955,0,0,0,0,0,0,0,0,0
"91","Mca",0,0,0,0,0,0,443,0,0,1876.5,0,0,0,0,0,0,0,0,0,0,0,0,0,0,50.5,0.5,1587,0,0,0,398,0,0,0,0,0,1290,0,0,0,0,3624.5,0,0,0,0,1874,0,0,1187.5,0,601,0,751.5,886.5,0,5229.5,0,0,0,0,0,0,0,0,0
"92","Mca",0,0,0,0,0,0,816,0,0,1731,0,0,0,0,0,0,0,0,0,0,0,0,0,0,699,0,1151,0,0,0,497,0,0,0,0,0,1748,451,0,0,0,2879,0,0,0,0,6734,0,0,4223,0,2385,0,818,1050,0,2871.5,626,0,0,0,0,0,0,0,0
"93","Mca",0,0,0,0,0,0,0,0,0,1779,0,0,0,0,0,0,0,0,0,0,0,0,0,0,84,0,1772,0,0,0,1197,0,0,0,0,0,1667,755.5,0,0,0,3855,0,0,0,0,1295,0,0,432,0,492.5,0,703.5,1218,0,4753,0,0,0,0,0,0,0,0,0
"94","Mca",0,0,0,0,0,0,0,0,0,684,0,0,0,0,0,0,0,0,0,0,0,0,0,0,106,0,604.5,0,0,0,122,95.5,0,0,0,0,5988.5,769,0,0,0,8902,0,0,73,100,25156,0,0,15403,0,2187.5,0,193.5,729,0,8312,291,0,0,0,0,0,0,0,0
"95","Mca",0,0,0,0,0,0,0,0,0,1741,0,0,0,0,0,0,0,0,0,6,0,0,0,0,655.5,0,1513.5,0,0,0,106.5,224,0,0,82,0,10283.5,592.5,0,0,0,14804,0,0,601,404,50831,0,111,25159,0,8678,0,663.5,2266,593,4847,3487.5,0,0,0,0,0,0,0,0
"96","Mca",0,0,0,0,0,0,0,0,0,1186.5,0,0,0,0,0,0,0,0,0,0,0,0,0,0,199,0,1098.5,0,0,0,276,216,0,0,0,0,9060,1222,0,0,0,13140,0,0,191.5,210.5,32502,0,96,21619.5,0,3412,0,492,1192,0,12431,681,0,0,0,0,0,0,0,0
"97","Mca",0,0,0,0,0,0,0,0,0,1116.5,0,0,0,0,0,0,0,0,0,0,0,0,0,0,390,0,936,0,0,0,0,113,0,0,0,0,7089,282.5,0,0,0,10276.5,0,0,394,196,42232,0,20,18225.5,0,6097,0,323,1210,285,3114,2178,0,0,0,0,0,0,0,0
"98","Mca",0,0,0,0,8,0,0,0,0,1024,0,0,0,0,0,0,0,0,0,0,0,0,0,0,488.5,0,261,0,0,0,894,353.5,193,0,10,0,9304,2637,0,1060.5,0,16716,0,103,691,301,42639,0,1.5,20693,0,11541,0,407,1375,290,14835,2368.5,0,0,0,0,0,0,0,0
"99","Mca",0,0,0,0,0,0,0,0,0,567,0,0,0,0,0,0,0,0,0,0,0,0,0,0,210,0,189.5,0,0,0,588.5,180.5,0,0,0,0,6290,1645,0,648,0,11958,0,0,382.5,196,35052.5,0,0,14475,0,7838,0,200.5,713,188,10040,1490.5,0,0,0,0,0,0,0,0
"100","Mca",0,0,0,0,99.5,0,0,0,0,1239.5,0,0,0,0,0,0,0,0,0,103,0,0,0,0,231,0,933.5,0,0,0,1274,1343.5,0,0,402,0,16774,5562,0,0,88,29987,0,0,2904,2470,65235,0,604.5,43885,0,44848,0,305.5,2080,2141.5,27072,7143.5,0,0,0,0,0,0,0,0
"101","Mca",0,0,0,0,0,0,0,0,0,676,0,0,0,0,0,0,0,0,0,0,0,0,0,0,82.5,0,512.5,0,0,0,777,897.5,0,0,205,0,11964,3548,0,0,0,22713,0,0,1980,1528,65235,0,298.5,35337,0,37199,0,168.5,1285,1403.5,20298.5,4559,0,0,0,0,0,0,0,0
"102","Mca",0,0,0,0,403,0,0,0,0,1392.5,0,0,0,0,0,0,0,0,0,202,0,0,0,0,191,0,1257,0,0,0,1452,1573,0,0,388,0,23279,2729,95,0,178,37077,0,0,2172,1328,65235,0,581,60020.5,0,31848,0,1001.5,3185,1168,22009.5,9638.5,0,0,0,0,0,0,0,0
"103","Mca",0,0,0,0,178,0,0,0,0,1245,0,0,0,0,0,0,0,0,0,86,0,0,0,0,186,0,1039,0,0,0,92,864,0,0,127.5,0,20153,923.5,0,0,96.5,30916,0,0,952,1085.5,65235,0,464,43406,0,4535,0,734,2622,778.5,2213.5,4843,0,0,0,0,0,0,0,0
"104","Mca",0,0,0,0,192,0,0,0,0,762,0,0,0,0,0,0,0,0,0,103.5,0,0,0,0,97,0,749,0,0,0,976,956,0,0,90,0,16480,1762,0,0,0,28662,0,0,1384,704,65235,0,282,51197,0,23224.5,0,570.5,1683,711,15525,6086,0,0,0,0,0,0,0,0
"105","Mca",0,0,0,0,50.5,0,0,0,0,794.5,0,0,0,0,0,0,0,0,0,2,0,0,0,0,107,0,638,0,0,0,0,474,0,0,0,0,14428,550.5,0,0,0,23081,0,0,689.5,670.5,65235,0,185,35057.5,0,3109,0,394,1799,486,1406,3255,0,0,0,0,0,0,0,0
"106","Mpn",0,0,0,0,0,0,0,0,0,0,312,875,859,0,0,0,0,0,0,0,0,0,0,0,0,0,0,0,0,0,0,0,0,0,0,0,0,0,0,0,0,1844,0,0,0,0,0,0,0,0,0,2728,0,0,0,0,0,0,0,0,0,0,452.5,0,0,0
"107","Mpn",0,0,0,0,0,0,0,0,0,0,384,864,804.5,0,0,0,0,0,0,0,0,0,0,0,0,0,0,0,0,0,0,0,0,0,0,0,0,0,0,0,0,2196,0,0,0,0,0,0,0,0,0,3040,0,0,0,0,0,0,0,0,0,0,376.5,0,0,0
"108","Mpn",0,0,0,0,0,0,0,0,0,0,573,1184,841,0,0,0,0,0,1,0,0,0,0,0,0,0,0,0,0,0,0,0,0,0,0,0,0,0,0,0,0,2299,0,0,0,0,0,0,0,0,0,2596.5,0,0,0,0,0,0,0,0,0,0,473,0,0,0
"109","Mpn",0,0,0,0,0,0,0,0,0,0,399.5,1033,808,0,0,0,0,0,0,0,0,0,0,0,0,0,0,0,0,0,0,0,0,0,0,0,0,0,0,0,0,1653,0,0,0,0,0,0,0,0,0,3525.5,0,0,0,0,0,0,0,0,0,0,559,0,0,0
"110","Mpn",0,0,0,0,0,0,0,0,0,0,508,1031,1128,0,0,0,0,0,0,0,0,0,0,0,0,0,0,0,0,0,0,0,0,0,0,0,0,0,0,0,0,2919,0,0,0,0,0,0,0,0,0,3963.5,0,0,0,0,0,0,0,0,0,0,733,0,0,0
"111","Nm",0,0,0,0,44502,0,0,0,0,0,0,0,0,1001,613.5,0,0,0,0,6114.5,0,0,0,0,196,0,220,0,0,0,0,0,0,0,0,0,294.5,0,0,0,0,13905.5,0,0,0,1147.5,303,0,0,0,0,21496.5,0,0,0,0,10058,0,0,0,1993,0,0,0,0,0
"112","Nm",0,0,0,0,3066,0,0,0,0,0,0,0,0,566,399,0,0,0,0,219,0,0,0,0,482,0,489,0,0,0,0,0,0,0,0,0,0,0,0,0,0,1611.5,0,0,0,0,0,0,0,0,0,1720.5,0,0,0,0,1564,0,0,0,304.5,0,0,0,0,0
"113","Nm",0,0,0,0,14412,0,0,0,0,0,0,0,0,565.5,310,0,0,0,0,1272,0,0,0,0,290,0,278,0,0,0,0,0,0,0,0,0,0,0,0,0,0,5534,0,0,0,280,0,0,0,0,0,5125.5,0,0,0,0,3509,0,0,0,681.5,0,0,0,0,0
"114","Nm",0,0,0,0,43805,0,0,0,0,0,0,0,0,1222.5,706,0,0,0,0,7000,0,0,0,0,391.5,0,473,0,0,0,1,0,113,0,0,0,468,0,0,0,0,15495,0,0,0,1507.5,203.5,0,0,0,0,13644.5,0,0,0,0,10196.5,0,0,0,1522,0,0,0,0,0
"115","Nm",0,0,0,0,65235,0,0,0,0,0,0,0,0,3973,2185,0,0,0,0,22983,0,0,0,286,823,0,795,262,0,0,1730,0,227.5,0,109,0,1797,0,0,0,0,42456,0,0,0,7603.5,1196,0,202,0,0,11340,0,0,355.5,0,30050.5,0,39.5,0,6810,0,0,0,0,0
"116","Nm",0,0,0,0,65235,6,0,0,0,0,0,0,0,2300,989,0,0,0,101,12969.5,0,0,0,0,389,0,288,182,0,0,1054,0,1.5,0,0,0,620,0,0,0,0,19451,0,0,0,3785,574,0,176,0,0,26904,0,0,175,0,13703.5,0,0,0,2996.5,0,0,0,0,0
"117","Nm",0,0,0,0,52739,16,0,0,0,0,0,0,0,1627,1371,0,0,0,94,7646.5,0,0,0,0,619,0,480,265.5,0,0,668.5,0,73,0,0,0,501,0,0,0,0,10405,0,0,0,1504,290,0,0,0,0,12080,0,0,78,0,6586,0,0,0,3423.5,0,0,0,0,0
"118","Nm",0,0,0,0,30964,0,0,0,0,0,0,0,0,1801.5,1100.5,0,0,0,0,5083,0,0,0,0,561.5,0,520,216,0,0,773,0,0,0,0,0,274,0,0,0,0,9138,0,0,0,1670.5,84.5,0,0,0,0,12021,0,0,59.5,0,6279,0,0,0,2370.5,0,0,0,0,0
"119","Nm",0,0,0,0,60652.5,0,4,0,0,0,0,0,0,2511,1561,0,0,0,0,7846.5,0,0,0,1,793.5,0,635,389,0,0,1018,0,102,0,0,0,487,0,0,0,0,14524.5,0,0,0,2397,202,0,0,0,0,2707,0,0,76,0,9421,0,0,0,4508,0,0,0,0,0
"120","Nm",0,0,0,0,13252,81.5,200,0,0,0,0,0,0,689.5,1281,0,0,0,283,2888.5,0,0,0,0,374,0,205.5,0,0,0,209,0,0,0,0,0,0,0,0,0,0,3514,0,0,0,744,0,0,0,0,0,1653,0,0,0,0,1007,0,0,0,2590.5,0,0,0,0,0
"121","Nm",0,0,0,0,62534,187,0,0,0,0,0,0,0,2790,1261,0,0,0,234,14716.5,0,0,0,94.5,408,0,414,286.5,0,0,1436,0,105,0,169,0,785,0,0,0,0,22168,0,0,0,4586.5,789,0,323,0,0,29217,0,0,291,0,15825,0,116,0,3717.5,0,0,0,0,0
"122","Nm",0,0,0,0,47478,111,0,0,0,0,0,0,0,1955,1453,0,0,0,178,9322,0,0,0,0,708,0,618,284,0,0,873,0,102,0,18,0,587,0,0,0,0,10709,0,0,0,2036,411,0,0,0,0,14202,0,0,187,0,7048.5,0,0,0,3919,0,0,0,0,0
"123","Nm",0,0,0,0,31840.5,0,82.5,0,0,0,0,0,0,2109,1343,0,0,0,0,5980,0,0,0,0,667.5,0,673,283.5,0,0,1004,0,0,0,0,0,312.5,0,0,0,0,10437,0,0,0,2001,205,0,0,0,0,13887.5,0,0,56.5,0,7096.5,0,0,0,2853.5,0,0,0,0,0
"124","Nm",0,0,0,0,54661.5,84,95,0,0,0,0,0,0,2972,1806,0,0,0,13,8682,0,0,0,0,958,0,710,458,0,0,1283.5,0,88,0,75.5,0,569,0,0,0,0,15673,0,0,0,2848.5,407,0,32,0,0,3544,0,0,140,0,10234,0,0,0,4944.5,0,0,0,0,0
"125","Nm",0,0,2,8,42880,201,105,0,106,0,0,0,2,1556,1119,5,8,0,282,7251.5,3,2,2,110.5,633,0,466,291.5,0,0,700,0,191,0,111,5.5,491,0,0.5,0,7,8106.5,0,0,0,1688.5,388,0,112,0,3,11043,0,0,215,0,5328,0,92.5,0,2982.5,0,0,0,0,5
"126","Nm",4,0.5,12,0,26286,82.5,106,0,0,6,0,0,0,1696,1040.5,0,4,0,114,4584.5,0,0,0,112,599,1,527,292,0,0,788,2,109,0,102.5,0,293,0,0,3,5,7322,0,0,0,1562,283.5,1,94,15,0,10523,0,0,198,0,4987,0,102.5,0,2267,0,0,0,0,0
"127","Nm",0,5,2,0,51214,95,195,6,102,0,0,5,0,2212.5,1372,1,4,0,205,6290,7,0,2,100,856,0,615,442,6,0,898.5,2,201,0,96,0,486,0,0,2,1,10897,0,11,0,2097,368,0,100,0.5,0,2713.5,0,0,188.5,0,7265.5,0,107,0,3605,0,0,2,0,0
"128","Nm",0,0,0,0,65235,0,0,0,0,0,0,0,0,3106.5,1617.5,0,0,0,168,21862,0,0,0,195,472.5,0,590,204,0,0,1111.5,0,110,0,0,0,1184,0,0,0,0,41883,0,0,0,8245,1195,0,307.5,0,0,47508.5,0,0,389.5,3,21724.5,0,91,0,5084,0,0,0,0,0
"129","Nm",0,0,0,0,65235,0,0,0,0,0,0,0,0,4124,2198,0,0,0,207,30013.5,0,0,0,402.5,689,0,766,360,0,0,1824,0,304,0,109.5,0,1819.5,0,0,0,0,50398,0,0,0,9899,1934.5,0,487,0,0,65235,0,0,466,106.5,30761.5,0,103,0,5946,0,0,0,0,0
"130","Nm",0,0,0,0,65235,0,0,0,0,0,0,0,0,3502,1978,0,0,0,92,15867,0,0,0,97,993,0,818,287.5,0,0,1318,0,202,0,66,0,1088.5,0,0,0,0,32327,0,0,0,6018.5,821,0,194,0,0,11228,0,0,230,1,14876,0,12,0,5562,0,0,0,0,0
"131","Nm",0,0,0,0,65235,0,0,0,0,0,0,0,0,4164,2408,0,0,0,1,20200,0,0,0,190.5,1053.5,0,1071,390,0,0,1703,0,288,0,76,0,1178,0,0,0,0,34956,0,0,0,6522,1188,0,284.5,0,0,30413.5,0,0,282.5,0,14676.5,0,101.5,0,6416,0,0,0,0,0
"132","Nm",0,0,0,0,65235,0,0,0,0,0,0,0,0,4433.5,2678.5,0,0,0,176,19977,0,0,0,279,1324,0,1216,480.5,0,0,1761.5,0,300,0,105.5,0,1460,0,0,0,0,36852,0,0,0,7706.5,1239,0,303.5,0,0,14441,0,0,453,96,18550.5,0,113,0,7616,0,0,0,0,0
"133","Nm",0,0,0,0,65235,0,0,0,6,0,0,0,0,5189,2965.5,0,0,0,204,24713,0,0,0,200,1299,0,1392,597,0,0,2340,0,376,0,180.5,0,1607,0,86.5,0,0,39465,0,0,0,7713,1411.5,0,372.5,0,0,34615,0,0,473,104,17983.5,0,121.5,0,7825,0,0,0,0,0
"134","Nm",0,0,0,0,65235,0,0,0,4,0,0,0,0,4737,2719,0,0,0,191,22874,0,0,0,199,1146,0,1188,586,0,0,2024,0,291,0,131,0,1388,0,73,0,0,36590,0,0,0,7165,1404,0,293.5,0,0,32735,0,0,529.5,82,16370,0,103,0,7298,0,0,0,0,0
"135","Pa",0,0,0,0,896,0,0,0,0,0,0,0,0,0,0,0,0,0,133,718,2553,0,0,0,0,0,118,0,0,0,347.5,0,2548,0,1494,0,7031.5,1618,0,14149,0,2135,1794.5,0,0,4369.5,14984,0,0,253,0,22943,598,0,632.5,6.5,5541,0,184,4242,0,0,3582,0,0,0
"136","Pa",0,0,0,0,1002,0,0,0,0,0,0,0,0,0,0,0,0,667,2.5,746.5,1087,0,0,0,0,0,190,0,0,0,301.5,0,2683,0,1454,0,5119,822.5,0,12693,0,5413,1293,0,0,4773,10007,0,0,273,0,0,228,0,348,3,7025,0,198,2864,0,6.5,2584.5,0,0,0
"137","Pa",0,0,0,0,1478,0,0,0,0,0,0,0,0,0,0,0,0,0,180,879,3461,0,0,0,0,0,199,0,0,0,303.5,0,1737,0,1441,0,5040,1350.5,0,11120.5,0,1583,1013.5,0,0,3782,11021,0,0,133,0,16257,500,0,308.5,110,4304.5,0,298,2127.5,0,0,3191,0,0,0
"138","Pa",0,0,0,0,663,0,0,0,0,0,0,0,0,0,0,0,0,535,0,484,3142,0,0,0,113.5,0,395,0,0,0,498,0,3222,0,1381,0,5807,910,0,10866.5,0,4202,1025,0,0,5100,9817,0,0,105,0,0,103,0,304,0,6242.5,0,158,5363,0,0,3739,0,0,0
"139","Pa",0,0,4626,0,715,0,0,0,0,0,0,0,0,0,0,0,0,0,101.5,458,1578,0,0,113,384.5,0,587,0,0,108.5,1190,871.5,2789.5,4534.5,1665,843,11148,2216,0,10030.5,19744,24575,29438.5,10356,8943.5,5542,9156,18014.5,47942,25625,0,28491,1188.5,0,545,4507.5,20509,0,334.5,1611,0,404.5,2765.5,0,0,0
"140","Pa",0,0,0,0,551,0,0,0,0,0,0,0,0,0,0,0,0,0,99.5,572,2386,0,0,0,105.5,0,390,0,0,0,499,0,2604,0,964.5,0,5478.5,1184,0,10001,0,1602,774,0,0,3435,10104,0,0,78,0,15102,417,0,432,0,4604,0,330,3050,0,0,3757,0,0,0
"141","Pa",0,0,0,0,270,0,0,0,0,0,0,0,0,0,0,0,0,0,0,201.5,4402,0,0,0,487,0,860,0,0,0,0,0,3036,0,718,0,0,0,0,8638,0,855,403,0,0,2299,5467.5,0,0,0,0,566,169.5,0,0,0,2870,0,607,3210,0,0,4611.5,0,0,0
"142","Pa",0,0,0,0,1008,0,0,0,0,0,0,0,0,0,0,0,0,598.5,100,445.5,993.5,0,0,0,120,0,112,0,0,0,270.5,0,3200,0,1052,0,6997,1171.5,0,8221,702.5,11464,987,0,700,2538,16214,0,0,261,0,38528,588,0,515,0,10740,0,203,1410,0,505,2553.5,0,0,0
"143","Pa",0,0,0,0,179,0,0,0,0,0,0,0,0,0,0,0,0,0,0,92,913,0,0,0,96,0,288,0,0,0,95,0,1097.5,0,289,0,1703,364,0,3466,0,410,95,0,0,572,1877,0,0,0,0,4907,10,0,0,0,1036.5,0,125,991.5,0,0,1449,0,0,0
"144","Pa",0,0,0,0,71,0,0,0,0,0,0,0,0,0,0,0,0,0,0,0,391,0,0,0,7.5,0,100,0,0,0,0,0,991,0,214,0,1593.5,189,0,2715,0,102,4,0,0,599,2311,0,0,0,0,3902,0,0,59,0,733,0,0,607,0,0,1429,0,0,0
"145","Pa",0,0,0,0,0,0,0,0,0,0,0,0,0,0,0,0,0,0,107.5,0,474.5,0,0,0,0,0,0,0,0,0,0,0,852,0,191,0,1438,95.5,0,2548,0,10160,123.5,0,0,1201.5,1993.5,0,0,1046,0,15057,0,0,0,0,980.5,0,601.5,405.5,0,0,1037,0,0,0
"146","Pa",0,0,0,0,113,0,0,0,0,0,0,0,0,0,0,0,0,0,5,0,409,0,0,0,958.5,0,386,0,0,0,217,0,933.5,0,117,0,1119.5,0,0,897,0,1354,92,0,0,8,388,0,0,0,0,3068,0,0,30,0,1192,0,272.5,315.5,0,0,861.5,0,0,0
"147","Pa",0,0,0,0,10,0,0,0,0,0,0,0,0,0,0,0,0,0,0,0,4,0,0,0,5,0,0,0,0,0,0,0,110,0,0,0,2781,0,0,328.5,0,14457,0,0,0,781,489,0,0,0,0,19564,0,0,0,0,3282.5,0,98,287,0,0,113,0,0,0
"148","Pa",0,0,0,0,0,0,0,0,0,0,0,0,0,0,0,0,0,0,0,0,567,0,0,0,198,0,196,0,0,0,0,0,491,0,0,0,210,0,0,295,0,0,0,0,0,0,78.5,0,0,0,0,709,0,0,0,0,0,0,111,205,0,0,386.5,0,0,0
"149","Pa",0,0,93,0,381,0,0,0,0,0,0,0,0,0,0,0,0,0,208,0,0,0,0,0,109,0,0,0,0,0,0,0,797,18,289,0,3283.5,197,0,190.5,3250,28989,4946.5,2989,925.5,1873,6854,297.5,0,6317.5,0,30191,0,0,186,32,6289,0,6,0,0,96,0,0,0,0
"150","Pa",0,0,0,0,195,0,0,0,0,0,0,0,0,0,0,0,0,0,11.5,170,4018.5,0,0,0,437,0,686,0,0,0,603,191,3274.5,0,1001,0,5009.5,192.5,0,11727,207,929,488.5,0,0,3781.5,12440,0,0,0,0,9588,0,0,888.5,0,2528,0,219.5,2761,0,0,3242,0,0,0
"151","Pa",0,0,0,0,1571,0,0,0,0,0,0,0,0,0,0,0,0,0,96,1183,5862.5,0,0,0,807,0,1302.5,0,0,0,1112.5,313.5,5551.5,0,2028,0,8803.5,199,0,21023,691,2439,1092,0,0,6909,28874.5,0,0,265.5,0,7351,498.5,0,1279.5,7.5,2331.5,0,535.5,10300.5,0,0,6241,0,0,0
"152","Pa",0,0,0,0,561,0,0,0,0,0,0,0,0,0,0,0,0,0,0,244,3478,0,0,0,294,0,620,0,0,0,1149,0,2767,0,1062,0,4043,261.5,0,10469,208,947.5,286,0,0,3778,10527,0,0,0,0,17944,108.5,0,572,0,5344,0,112,2992,0,0,2656,0,0,0
"153","Pa",0,0,0,0,189,0,0,0,0,0,0,0,0,0,0,0,0,0,0,61,2036.5,0,0,0,103,0,290.5,0,0,0,587,0,1651,0,671.5,0,2514,0,0,6950,0,558,159.5,0,0,2182,7050,0,0,0,0,10566,0,0,299,0,3032,0,0,1837.5,0,0,1617.5,0,0,0
"154","Pa",0,0,0,0,1359.5,0,0,0,0,0,0,0,0,0,0,0,0.5,0,194.5,820.5,9552,0,0,0,671.5,0,1341.5,0,0,0,2541,0,4785,0,1214.5,0,9872.5,1311,0,20311,0,2913,1497,0,0,6551,31419.5,0,107,273,0,27307.5,1001,0,1167,0,10758,0,681.5,10564,0,0,4961,0,0,0
"155","Pa",0,0,0,0,1179,0,0,0,0,0,0,0,0,0,0,0,0,0,295,796,6371.5,0,0,0,381,0,1012,0,0,0,2102.5,0,3812.5,0,2217,0,7457,1681.5,0,19136,0,2167,1220,0,0,7512,23474,0,101,264,0,21052.5,885,0,978,0,9647,0,384.5,5861,0,0,4749,0,0,0
"156","Pa",0,0,0,0,1702,0,0,0,0,0,0,0,0,0,0,0,0,0,398.5,694,1020,0,0,0,0,0,800.5,0,0,0,249.5,0,1533,0,0,0,369.5,110,0,5448,0,376,0,0,0,985.5,4298,0,97,0,0,3534.5,918,0,0,0,803.5,0,394,1518,0,0,197.5,0,0,0
"157","Pa",0,0,0,0,701,0,0,0,0,0,0,0,0,0,0,0,93,0,181,311.5,6013,0,0,0,723.5,0,1078,0,0,0,2092,0,4375,0,1764,0,8094,1517.5,0,15265,0,4429,1224,0,0,6556,21280,0,0,219,0,24157,496,0,740,0,9276,0,826,7004,0,0,4329,0,0,0
"158","Pa",0,0,0,0,763,0,0,0,0,0,0,0,0,0,0,0,0,0,93.5,294,1842.5,0,0,98,661,0,201,0,0,0,178,0,3619,0,294.5,0,3224,198,0,2050,0,4275,0,0,0,3097.5,3031,0,0,0,0,4084,486,0,0,0,738,0,485,4333,0,105,914,0,0,0
"159","Pa",0,0,193,0,2106,0,0,0,0,0,0,0,0,0,0,0,0,0,490,351.5,781,0,0,3270,189,0,2.5,0,0,0,103,0,804.5,7,496,268.5,3296.5,99,0,7594,0,41211,1778,788,280,3949,3422.5,570.5,3117,1682.5,0,17263.5,0,0,84.5,0,11901,0,1082.5,1379,0,793,210,0,0,0
"160","Pa",0,0,0,0,4.5,0,0,0,0,0,0,0,0,0,0,0,0,201,0,0,197.5,0,0,0,91,0,0,0,0,0,0,0,120.5,0,0,0,3934.5,12,0,0,0,13946,0,0,0,2026,1162,0,0,0,0,27497,0,0,0,0,382.5,0,1.5,400.5,0,594,0,0,0,0
"161","Pa",0,0,891,0,95,0,0,0,0,0,0,196,0,0,0,0,0,0,5772,185,1201.5,0,0,10884,705.5,0,621.5,95,0,0,779,0,1336,407,571,578,1894,482,0,7844.5,398.5,13382.5,7847.5,1432.5,1045.5,2851,8724,1237,4352.5,9918,0,17489,0,0,173.5,0,8461,0,395,1475,0,597,602,0,0,0
"162","Pa",0,0,0,0,2432,0,0,0,0,0,0,0,0,0,0,0,169,0,294,11593.5,11375,0,0,0,373,0,1004,0,0,0,2516,0,4553.5,0,832,0,13698,2457,106,5517.5,1540,4091,343.5,0,2,11221,4198,0,203.5,109,0,32196,884,0,254.5,0,10663,0,78,2463,0,204,4202,0,0,0
"163","Pa",0,0,0,0,1938,0,0,0,0,0,0,0,0,0,0,0,103,0,384,1184,13025,0,0,0,955,0,2074.5,0,0,0,3688,0,6496,0,1682,0,13117,1890,0,27472,0,4230.5,2339,0,0,8959,39186,0,198.5,579,0,33827,1421,0,2037,0,14697.5,0,1036.5,14653,0,0,6818,0,0,0
"164","Pa",0,0,0,0,1783.5,0,0,0,0,0,0,0,0,0,0,0,0,0,446.5,1186,8790,0,0,0,638.5,0,1239.5,0,0,0,2772.5,0,5033,0,3139,0,9485,2511.5,0,24028,0,3185.5,1624,0,0,10118.5,27831,0,196.5,392,0,25205,1308,0,1614.5,4.5,11724,0,618,7966,0,0,5671.5,0,0,0
"165","Pa",0,0,0,0,2627.5,9,0,0,0,0,0,0,0,0,0,0,0,0,622,1105.5,1506.5,0,0,0,111,0,1304.5,0,0,0,386,0,2124.5,0,106,0,746,294.5,0,8117.5,0,618.5,5,0,0,1601.5,6177,0,194,0,0,5074.5,1582,0,22,0,1316.5,0,687,2365,0,0,389,0,0,0
"166","Pa",0,0,0,0,1087,0,0,0,0,0,0,0,0,0,0,0,175,0,383,513,8713,0,0,118,1218,0,1760.5,0,0,0,3150,94.5,6502,0,2535,0,11177,2571,0,22456,0,6370.5,1702,0,0,8869.5,30094.5,0,0,377,0,30653,706,0,1276,9,12285.5,0,1100,9935.5,0,182,5884.5,0,0,0
"167","Pa",0,0,0,0,1106,0,0,0,0,0,0,0,0,0,0,0,0,0,162,487,2891,0,0,306,1087,0,400,0,0,0,406.5,0,5128,0,499,0,5049,384,0,3050,0,6536,96,0,0,4547.5,4638,0,5.5,87.5,0,5890,868,0,83,0,1097.5,0,712.5,6267,0,215,1336,0,0,0
"168","Pa",0,0,261,0,3174.5,0,0,0,0,0,0,0,0,0,0,0,0,0,903,617.5,1272.5,0,0,4443,285,0,105,0,0,0,188,0,1258,209,781,496.5,4658,247,0,10664,257.5,45729,2828,1090,499,5475,4723.5,877.5,4442.5,2612.5,0,24323,0,0,193,0,16689,0,1542.5,2033,0,1165,406,0,0,0
"169","Pa",0,0,0,0,101,0,0,0,0,0,0,0,0,0,0,0,0,471,0,203,306,0,0,0,206,0,0,0,0,0,0,0,190,0,78.5,0,5824,73,0,7,0,20037,105,0,0,2920,1742.5,0,0,0,0,34867.5,2,0,0,0,652,0,97,582,0,885,0,0,0,0
"170","Pa",0,0,995,0,92,0,90,0,0,0,0,315,0,0,0,0,0,0,6833,301,1563.5,0,0,12450,1014,0,920,283,0,0,999,0,1524,580,783,755,2355.5,618.5,0,8799,426.5,15278,9391.5,1847.5,1199,3496,10558,1394.5,5422,12037,0,20511.5,0,0,432,0,9416.5,0,515,1851,0,789,695.5,0,0,0
"171","Pa",0,0,0,0,3481,0,0,0,0,0,0,0,0,0,0,0,293,0,600,15567,15328,5,0,91,618.5,0,1323.5,0,0,0,3541,0,6254.5,0,1294,0,18418,3631.5,223.5,7429,2116,5694,670,0,0,15041,6005,0,310,300,0,38214,1280,0,433.5,0,14033,0,195,3639,0,382,6132,0,0,0
"172","Spn",0,0,0,0,2451,0,0,0,0,0,0,0,0,0,0,0,0,4139.5,2095,386,0,0,0,0,697,0,399,0,0,0,113,1469.5,211.5,0,106,0,3840,2395.5,0,20045.5,771,34436,3121,0,2680,3049.5,46651,0,306.5,25235.5,0,43499,0,118,189,0,20696,11.5,0,0,0,1007,0,0,0,0
"173","Spn",0,0,0,0,1567.5,0,0,0,0,0,0,0,0,0,0,0,0,2924,1559.5,194,0,0,0,0,410,0,207,0,0,0,6.5,985,125,0,38.5,0,2654.5,1621,0,15969,486,29331,2137,0,1944,2117,40926.5,0,101,21138,0,38419,0,15,88.5,0,15708,0,0,0,0,792.5,0,0,0,0
"174","Spn",0,0,0,0,17363,0,199.5,112,0,0,0,0,0,183,0,0,2,4580.5,100,1624,0,209.5,0,0,784.5,0,0,0,0,0,0,917,1672,0,607,0,8722,926.5,0,3555.5,5253.5,44514.5,11428,0,5518,3997.5,4874,0,10,5351,0,55227,0,0,1433,0,20505,0,0,0,489,6339,395,201,119,230.5
"175","Spn",0,0,0,0,13179.5,0,12.5,4.5,0,0,0,0,0,62,0,0,0,3444.5,3.5,1117,0,0,0,0,399,0,0,0,0,0,0,533,1224,0,378.5,0,6633,561,0,2759,3755,41574,9003,0,4131,2819,3689,0,0,4174,0,53447,0,0,1032.5,0,16485.5,0,0,0,302,4545,301.5,96.5,0,205
"176","Spn",0,0,0,0,13506,0,1,0,0,0,0,0,0,102.5,0,0,104,6800,2.5,1608.5,0,77.5,0,0,879,6,0,0,0,0,0,869,1498,0,102,0,10218,0,0,1023,1365.5,48215,3295,0,9545,3954,1917,0,0,2139,0,65235,0,0,500,0,21983,0,0,0,421,8395,703.5,0,0,0
"177","Spn",0,0,0,0,11852,0,0,0,0,0,0,0,0,0,0,0,5,5591,0,1098,0,0,0,0,686,0,0,0,0,0,0,589.5,1096.5,0,4,0,8672,0,0,719.5,996.5,50913,2245,0,7029,2676,1217,0,0,1724.5,0,65235,0,0,248,0,21236,0,0,0,198.5,6644,401,0,0,0
"178","Spn",0,0,0,0,210,0,97,0,0,0,0,0,0,0,0,0,69.5,14270.5,0,0,0,1,0,0,193.5,0,0,0,0,0,0,387.5,0,0,0,0,11132.5,526.5,0,0,0,45321,0,0,0,2625,3298,70.5,0,5,0,11447,199,0,102,0,9940,0,0,0,0,0,98.5,0,0,0
"179","Spn",0,0,0,0,0,0,8.5,0,0,0,0,0,0,0,0,0,406.5,13910.5,0,0,0,114,0,0,599,0,0,0,0,0,0,390.5,0,0,0,0,11768.5,303,0,0,0,43307,0,0,0,2526,2094,0,0,0,167,55292.5,638,0,195,0,11234.5,0,0,0,0,0,3,0,0,0
"180","Spn",0,0,0,0,0,0,89,0,0,0,0,0,0,0,0,0,95,13763,0,0,0,13,0,0,207,0,0,0,0,0,0,296,0,0,0,0,11409,193,0,0,0,33889.5,0,0,0,1502.5,3301,85,0,0,100,34645,309,0,73.5,0,6479.5,0,0,0,0,0,0,0,0,0
"181","Spn",0,0,0,0,0,0,0,0,0,0,0,0,0,0,0,0,214,10801,0,0,0,8,0,0,388,0,0,0,0,0,0,218,0,0,0,0,9303,198,0,0,0,39798.5,0,0,0,1967,1430,0,0,0,9,54533,434,0,81,0,8674,0,0,0,0,0,5,0,0,0
"182","Spn",0,0,0,0,0,0,0,0,0,0,0,0,0,0,0,0,98,10421,0,0,0,0,0,0,203,0,0,0,0,0,0,106,0,0,0,0,9184,0,0,0,0,33991,0,0,0,1307,696,0,0,0,0,40125.5,120.5,0,0,0,3127,0,0,0,0,0,0,0,0,0
"183","Spn",0,0,0,0,0,0,0,0,0,0,0,0,0,0,0,0,184,7654.5,0,0,0,0,0,0,224.5,0,0,0,0,0,0,384.5,0,0,0,0,7419.5,0,0,0,0,37511,0,0,0,1901,1125,0,0,0,0,7311,144,0,0,0,5211,0,0,0,0,0,0,0,0,0
"184","Spn",0,0,0,0,0,0,0,0,0,0,0,0,0,0,0,0,283,7360.5,0,0,0,0,0,0,290,0,0,0,0,0,0,181,0,0,0,0,9019,0,0,0,0,30503,0,0,0,1799.5,292,0,0,0,0,9324,122,0,0,0,677,0,0,0,0,0,0,0,0,0
"185","Spn",0,0,0,0,0,0,0,0,0,0,0,0,0,0,0,0,0,6595.5,0,0,0,0,0,0,0,0,0,0,0,0,0,0,0,0,0,0,6036,0,0,0,0,29129,0,0,0,1887,1196,0,0,0,0,14850.5,194.5,0,68,0,804,0,0,0,0,0,0,0,0,0
"186","Spn",0,0,0,0,0,0,0,0,0,0,0,0,0,0,0,0,98.5,6143,0,0,0,0,0,0,292,0,0,0,0,0,0,0,0,0,0,0,7678,0,0,0,0,27248,0,0,0,1836.5,910,0,0,0,0,46406.5,187.5,0,1,0,3754,0,0,0,0,0,0,0,0,0
"187","Spn",0,0,0,0,86,212.5,1203,0,0,0,0,0,0,0,0,298,411,3914,0,0,0,568.5,0,0,1136.5,0,536,0,0,0,66,90,0,0,0,0,2968,199.5,0,0,212,15673,0,0,0,1517.5,996,0,0,89,482.5,25052,1472.5,0,0,0,790,0,6,0,0,98,406.5,0,0,0
"188","Spn",0,0,0,0,0,0,0,0,0,0,0,0,0,0,0,0,114,2532,0,0,0,0,0,0,166,0,0,0,0,0,0,0,0,0,0,0,2826,0,0,0,0,8721,0,0,0,12,101,0,0,0,0,11153,0,0,0,0,1060.5,0,0,0,0,0,0,0,0,0
"189","Spn",0,0,0,0,12,0,0,0,0,0,0,0,0,0,0,786,779.5,1752,0,0,0,0,0,0,676,0,0,0,0,0,0,0,0,0,0,0,997.5,0,0,0,0,5774,0,0,0,185,925,0,0,0,0,7433.5,0,0,0,0,1221,0,0,0,0,0,0,0,0,0
"190","Spn",0,0,0,0,4,0,0,0,0,0,0,0,0,0,0,0,313.5,1451,0,0,0,0,0,0,217,0,0,0,0,0,0,94.5,0,0,0,0,9564,94,0,0,0,22341,0,0,0,1514,1682,0,0,0,0,6145,0,0,9,0,565,0,0,0,0,0,0,0,0,0
"191","Spn",0,0,0,0,79,0,304,0,0,0,0,0,0,0,0,0,94.5,563,0,0,0,382,0,0,1248.5,0,1053,0,0,0,248,0,0,0,0,0,1169,7,0,0,108,11646.5,0,0,0,1673,462,0,0,0,0,18545,119,0,0,0,630,0,0,0,0,0,380,0,0,0
"192","Spn",0,0,0,0,0,0,0,0,0,0,0,0,0,0,0,95,186,507,0,0,0,0,0,0,198,0,0,0,0,0,0,0,0,0,0,0,590.5,0,0,0,0,1256,0,0,0,0,0,0,0,0,0,1682,0,0,0,0,97,0,0,0,0,0,0,0,0,0
"193","Spn",0,0,0,0,0,0,114,0,0,0,0,0,0,0,0,0,0,389,0,0,0,209.5,0,0,896,0,753.5,0,0,0,108,0,0,0,0,0,785,0,0,0,0,9150.5,0,0,0,1301,332,0,0,0,3,14396,14,0,0,0,395.5,0,0,0,0,0,196,0,0,0
"194","Spn",0,0,0,0,0,0,0,0,0,0,0,0,0,0,0,0,1.5,375.5,0,0,0,0,0,0,397,0,102,0,0,0,0,144,0,0,0,0,472.5,0,0,0,0,4161,0,0,0,224.5,3,0,0,0,0,6412,115,0,0,0,605,0,0,0,0,0,0,0,0,0
"195","Spn",0,0,0,0,0,0,0,0,0,0,0,0,0,0,0,0,0,88,0,0,0,0,0,0,213.5,0,0,0,0,0,0,0,301.5,0,0,0,203,0,0,0,0,1387,0,0,0,0,0,0,0,0,0,1738,0,0,0,0,489.5,0,0,0,0,0,0,0,0,0
"196","Spn",0,0,0,0,0,0,482,0,0,203,65,0,0,0,0,377.5,384,1992.5,0,0,0,0,0,0,1186,0,503,0,0,0,390,0,395,0,0,0,1856,10,0,0,0,4879.5,0,0,0,0,2237,0,0,703,0,6149,0,193,369.5,97,1924,300,0,0,0,0,0,0,0,0
"197","Spn",0,0,0,0,0,0,502,0,0,206,151,0,0,0,0,395.5,385,1937,0,0,0,0,0,0,1273,0,468.5,0,0,0,476,0,421,0,0,0,1799,93,0,0,0,4564.5,0,0,0,10.5,2014,0,0,639.5,0,5989,0,177,376,96,1922,284,0,0,0,0,0,0,0,0
"198","Spn",0,0,0,0,89,309.5,1871.5,0,0,0,0,0,0,0,0,396,488,5304,82,0,0,787,0,0,1506.5,0,898,0,0,0,112,106,0,0,0,0,3975.5,297,0,0,315,19517,0,0,0,2106,1520,0,0,185.5,687,29580,1875,0,90,67,1118,0,133,18,0,192.5,616.5,0,0,0
"199","Ssp",0,0,0,0,1269,0,0,0,0,0,0,0,0,0,0,0,0,0,0,363.5,0,0,0,0,404.5,0,0,0,0,0,0,0,0,0,95.5,0,3149,1091,0,15065.5,183,25185.5,1863.5,0,3047,1356.5,13316,0,0,31662,1971,33303,25831,0,0,198,12821,0,0,0,0,0,1049,0,0,0
"200","Ssp",0,0,0,0,866,0,0,0,0,0,0,0,0,0,0,0,0,0,87,8445,2641,94,0,0,292,0,285,0,0,0,391,0,1835,0,167.5,0,7224,910,0,14602,1673,8488,1221,0,0,4184.5,1689,0,0,290,101,27401,1632.5,0,505,25,8563,0,287,2590,0,387,3376,0,0,0
"201","Ssp",0,0,0,0,9542,0,0,0,0,0,0,0,0,0,0,0,68,1020,208.5,8357,1598,0,0,0,116,0,123,0,0,0,213,0,3633,0,214,0,8079,1118,0,13963,4414,18894.5,2229,84,694,4402,2456,0,0,834,0,38012,1299,0,327,0,7409,0,196,0,194,2818,2451,0,0,0
"202","Ssp",0,0,0,0,1411,0,0,0,0,0,0,0,0,0,0,0,91,498,226.5,7521,2287,0,0,0,194,0,94,0,0,0,212.5,0,4121,0,277,0,8626.5,963,0,13193,4732.5,14108,1591,0,87,4543,1799,0,0,4,0,38199.5,780,0,293.5,0,5832,0,208,0,0,2467.5,2559,0,0,0
"203","Ssp",0,0,0,0,195,0,0,0,0,0,0,0,0,0,0,0,0,0,0,0,0,3034,0,0,216,0,0,0,0,0,0,0,0,0,0,0,5590,0,0,0,0,23963,0,0,0,715.5,0,0,0,576.5,3541,39661.5,49193,0,0,403.5,10591,0,0,0,0,0,1448.5,0,0,0
"204","Ssp",0,0,0,0,102,0,0,0,0,0,0,0,0,0,0,0,0,0,93,0,0,5028,0,0,0,0,0,0,0,0,0,0,0,0,300,0,8995,0,0,291,536,45181,1227,0,102,2141,2227,759,0,2090,9573.5,62433,65235,0,25,1901,19407.5,0,0,0,0,0,1942,0,0,0
"205","Ssp",0,0,2580,0,0,0,0,0,0,0,0,0,0,0,0,0,0,2881,78,0,0,0,0,0,201,0,200,0,0,0,395,0,786,2348,1367.5,2919,6414,1098,0,0,16743,28659,28716,2372,592,4241,994,4089,19330,25110,0,25003,116,0,1518.5,5771,10419.5,0,288,0,0,5521,382.5,0,0,0
"206","Ssp",0,0,0,0,0,0,0,0,0,0,0,0,0,0,0,0,0,0,9,0,0,0,0,0,501,0,0,0,0,0,0,0,0,0,0,0,4143,0,0,0,0,11830,0,0,0,186.5,0,0,0,199.5,3835.5,16893,36030,0,0,294,3324,0,0,0,0,0,1754.5,0,0,0
"207","Ssp",0,0,1244,0,97,0,0,0,0,0,0,0,0,0,0,0,0,0,482.5,0,0,1789.5,0,0,0,0,0,0,0,5,140.5,0,0,1516.5,479.5,1743.5,5335,381.5,0,203.5,2348,23000,9141,957,490.5,2288,8135,1348,7744,8180,2599,34713.5,32531,0,137.5,3614.5,13626.5,0,0,0,0,2259,1567.5,0,0,0
"208","Ssp",0,0,0,0,0,0,0,0,0,0,0,0,0,0,0,0,0,0,96,0,0,1765,0,0,318.5,0,0,0,0,0,0,0,0,0,0,0,3716,0,0,0,0,15117.5,0,0,0,302.5,0,0,0,104.5,2477,21700,26884,0,0,281,5496,0,0,0,0,0,860.5,0,0,0
"209","Ssp",0,0,0,0,0,0,0,0,0,0,0,0,0,0,0,0,0,0,0,0,0,3412,0,0,104,0,0,0,0,0,0,0,0,0,0,0,6477.5,0,0,0,0,24787,0,0,0,893.5,0,0,0,303.5,4600,30232,62859,0,0,205,6715,0,0,0,0,4001,1390.5,0,0,0
"210","Ssp",0,0,0,0,0,0,0,0,0,0,0,0,0,0,0,0,0,0,0,0,0,1993.5,0,0,424.5,0,0,0,0,0,0,0,0,0,0,0,2315.5,0,0,0,0,13231,0,0,0,296,1297,0,0,990,3521.5,26585.5,18617,0,0,393.5,8609,201,0,0,0,917.5,916.5,0,0,0
"211","Ssp",0,0,0,0,0,0,0,0,0,0,0,0,0,0,0,0,0,0,0,0,0,2642,0,0,288,0,0,0,0,0,0,0,0,0,0,0,2881,0,0,0,0,14989.5,0,0,0,395,316,0,0,385,4215,21941,31050,0,0,300.5,5358,0,0,0,0,0,0,0,0,0
"212","Ssp",0,0,0,0,1016,0,0,0,0,0,0,0,0,0,0,0,0,199,104,0,0,395,0,0,0,0,0,0,0,0,0,0,0,0,0,0,2423,0,0,0,0,16337,492,0,646,606,0,0,0,276.5,703,21864,10312,0,0,0,1648.5,0,0,0,0,3,213,0,0,0
"213","Ssp",0,0,0,0,0,0,0,0,0,0,0,0,0,0,0,0,0,0,0,0,0,106,0,0,494,0,90,0,0,0,0,0,0,0,0,0,538.5,0,0,0,0,1993.5,0,0,0,0,0,0,0,0,87.5,3247,391.5,0,0,0,645,0,0,0,0,0,387.5,0,0,0
"214","Ssp",0,0,0,0,0,0,0,0,0,0,0,0,0,0,0,0,0,0,0,0,0,1671,0,0,387,0,0,0,0,0,0,0,0,0,0,0,3406,0,0,0,0,12644.5,0,0,0,413.5,0,0,0,95,3002,30008,42719,0,0,198,4909.5,0,0,0,0,0,1348.5,0,0,0
"215","Ssp",0,0,0,0,0,0,0,0,0,0,0,0,0,0,0,0,0,0,1,0,0,2299,0,0,288,0,0,0,0,0,0,0,0,0,0,0,3138.5,0,0,0,0,10675.5,0,0,0,192,0,0,0,168.5,3246,16288.5,28521.5,0,0,189,2475.5,0,0,0,0,0,897,0,0,0
"216","Ssp",0,0,0,0,0,0,0,0,0,0,0,0,0,0,0,0,0,0,0,0,0,1087,0,0,400.5,0,101,0,0,0,0,0,0,0,0,0,1696,0,0,0,0,11707,0,0,0,521,0,0,0,0,1380,16549,12091.5,0,0,187,1714,0,0,0,0,0,1005,0,0,0
"217","Ssp",0,0,0,0,0,0,0,0,0,0,0,0,0,0,0,0,0,0,0,0,0,909,0,0,0.5,0,0,0,0,0,0,0,0,0,0,0,4850,0,0,0,0,23048,201,0,986.5,693.5,361,0,0,588,1234.5,38598.5,29891,0,0,199,7708,0,0,0,0,4465,746,0,0,0
"218","Ssp",0,0,1933,86,0,0,0,0,0,0,0,0,0,0,0,0,0,0,0,0,0,1774.5,0,96,411.5,0,189.5,0,103.5,21,403,1019,1600.5,1902,2235,387,5301,725,0,145,9079,16292,14714.5,8748,8092,2340,762,1927.5,2442,11889,1834.5,16099,21058.5,0,220,1345,7859,0,0,0,0,0,1140,0,0,0
"219","Ssp",0,0,1132,0,1031.5,0,0,0,0,0,0,0,0,0,0,0,0,73,0,0,0,296,0,0,102.5,0,0,0,544.5,188,0,789.5,3193.5,1476,413,127.5,6965,425,0,141,10285.5,22786.5,16997.5,6170,11744.5,2106,6006,7919.5,16476,12819,292,30215.5,6258.5,0,658,286,7979.5,0,0,0,0,905,288,0,0,0
"220","Ssp",0,0,0,0,0,0,0,0,0,0,0,0,0,0,0,0,0,931.5,17.5,0,0,1623,0,0,261,0,0,0,0,0,0,0,0,0,0,0,4805,0,0,0,0,17574,0,0,0,310,0,0,0,0,2265,24298,24937,0,0,92,4635,0,0,0,0,3282,905,0,0,0
"221","Ssp",0,0,0,0,0,87,0,0,0,0,0,0,0,0,0,0,0,0,0,0,0,2031,0,0,208,0,0,0,0,0,0,0,0,0,0,0,121,0,0,0,0,5591,0,0,0,196,0,0,0,113,2379.5,7208.5,11388,0,0,64,1505.5,0,0,0,0,0,364,0,0,0
"222","Ssp",0,0,0,0,295,0,0,0,0,0,0,0,0,0,0,0,0,0,0,0,0,186,0,0,174,0,0,0,0,0,0,0,0,0,0,0,5383,0,0,0,0,8342,0,0,594,968,191,0,0,188,299,3695,13680.5,0,0,0,385,0,0,0,0,9176.5,213,0,0,0
"223","Ssp",0,0,0,0,97,0,0,0,0,0,0,0,0,0,0,0,0,0,0,0,0,295,0,0,0,0,0,0,0,0,0,0,0,0,0,0,2197,0,0,0,0,9848,0,0,0,795,1892,0,0,0,718,17317,2773,0,0,0,4695,0,0,0,0,92,0,0,0,0
"224","Ssp",0,0,0,0,0,0,0,0,0,0,0,0,0,0,0,0,0,0,0,0,0,1457,0,168.5,970,0,0,0,0,0,0,0,0,0,0,0,1015,0,0,0,0,3141,0,0,0,0,0,0,0,0,2766,3320.5,5617,0,0,0,99,0,0,0,0,0,592,0,0,0
"225","Ssp",0,0,0,0,0,0,0,0,0,0,0,0,0,0,0,0,0,0,5,0,0,1981,0,0,411,0,0,0,0,0,0,0,0,0,0,0,445,0,0,0,0,6142,0,0,0,0,0,0,0,9.5,3100.5,9421,10569,0,0,0,1180,0,0,0,0,0,200.5,0,0,0
"226","Ssp",0,0,0,0,0,98,569,0,0,0,0,0,0,0,0,0,0,0,0,0,0,287.5,0,81.5,783.5,0,0,0,0,0,0,0,0,0,0,0,292,0,0,0,0,1028,0,0,0,0,0,0,0,0,983,1688,1177,0,0,0,536.5,0,0,0,0,0,200,0,0,0
"227","Xneg",0,0,0,0,0,0,0,0,0,0,0,0,0,0,0,0,0,0,0,0,0,0,0,0,0,0,0,0,0,0,0,0,0,0,0,0,0,0,0,0,0,0,0,0,0,0,0,0,0,0,0,0,0,0,0,0,0,0,0,0,0,0,0,0,0,0
"228","Xneg",0,0,0,0,0,0,0,0,0,0,0,0,0,0,0,0,0,0,0,0,0,0,0,0,295,0,0,0,0,0,0,0,0,0,0,0,211.5,0,0,0,0,961,0,0,0,0,0,0,0,0,0,1408,0,0,0,0,0,0,0,0,0,0,0,0,0,0
"229","Xneg",0,0,0,0,0,0,0,0,0,0,0,0,0,0,0,0,0,0,191,0,0,0,0,0,0,0,0,0,0,0,0,0,0,0,0,0,0,0,0,0,0,0,0,0,0,0,0,0,0,0,0,3.5,0,0,0,0,0,0,0,0,0,0,0,0,0,0
"230","Xneg",0,0,0,0,0,0,0,0,0,0,0,0,0,0,0,0,0,0,0,0,0,0,0,0,0,0,0,0,0,0,0,0,0,0,0,0,0,0,0,0,0,111,0,0,0,0,0,0,0,0,0,276.5,0,0,0,0,87,0,0,0,0,0,0,0,0,0
"231","Xneg",0,0,0,0,0,0,0,0,0,0,0,0,0,0,0,0,0,0,0,0,0,0,0,0,0,0,0,0,0,0,0,0,0,0,0,0,0,0,0,0,0,0,0,0,0,0,0,0,0,0,0,0,0,0,0,0,0,0,0,0,0,0,0,0,0,0
"232","Xneg",0,0,0,0,0,0,0,0,0,0,0,0,0,0,0,0,0,0,0,0,0,0,0,0,0,0,0,0,0,0,0,0,0,0,0,0,0,0,0,0,0,0,0,0,0,0,0,0,0,0,0,0,0,0,0,0,0,0,0,0,0,0,0,0,0,0
"233","Xneg",0,0,0,0,0,0,0,0,0,0,0,0,0,0,0,0,0,0,0,0,0,0,0,0,0,0,0,0,0,0,0,0,0,0,0,0,0,0,0,0,0,0,0,0,0,0,0,0,0,0,0,0,0,0,0,0,0,0,0,0,0,0,0,0,0,0
"234","Xneg",0,0,0,0,0,0,0,0,0,0,0,0,0,0,0,0,0,0,0,0,0,0,0,0,0,0,0,0,0,0,0,0,0,0,0,0,0,0,0,0,0,0,0,0,0,0,0,0,0,0,0,0,0,0,0,0,0,0,0,0,0,0,0,0,0,0
"235","Xneg",0,0,0,0,0,0,0,0,0,0,0,0,0,0,0,0,0,0,0,0,0,0,0,0,0,0,0,0,0,0,0,0,0,0,0,0,0,0,0,0,0,0,0,0,0,0,0,0,0,0,0,0,0,0,0,0,0,0,0,0,0,0,0,0,0,0
"236","Xneg",0,0,0,0,0,0,0,0,0,0,0,0,0,0,0,0,0,0,0,0,0,0,0,0,0,0,0,0,0,0,0,0,0,0,0,0,0,0,0,0,0,0,0,0,0,0,0,0,0,0,0,0,0,0,0,0,0,0,0,0,0,0,0,0,0,0
